Feature,LR_Normalized,RFC_Normalized,Combined_Importance
ST_Slope,1.0,1.0,1.0
ExerciseAngina,0.6148128064092906,0.4417504091798398,0.5282816077945652
ChestPainType,0.5525927499772922,0.4287077065959627,0.49065022828662747
Oldpeak,0.46635157051403386,0.4670648806662015,0.4667082255901177
Cholesterol,0.47489721464133,0.39950947045633955,0.43720334254883475
